Property_ID,LotArea,OverallQual,YearBuilt,GrLivArea,FullBath,BedroomAbvGr,GarageCars,GarageArea,DistanceFromCity,SalePrice,Sold
1,11770,5,1979,2516,1,4,0,112,8.3,186739,1
2,5360,7,1991,2458,2,5,3,139,11.0,388105,0
3,9890,9,1966,1269,1,4,0,558,6.3,308009,1
4,17918,8,2011,2046,2,5,2,0,27.3,326028,1
5,9691,5,2000,2595,1,5,0,89,17.9,277980,1
6,16464,3,1992,1325,3,3,3,653,12.6,326609,0
7,15784,7,1999,2386,3,5,2,319,14.4,406676,0
8,10234,4,1998,854,1,2,2,549,28.5,414138,0
9,10765,9,1977,2109,1,3,2,804,5.4,388277,1
10,4966,9,1999,1484,1,5,3,893,18.0,393412,1
11,8926,8,1960,945,3,1,1,138,15.7,258456,1
12,10078,9,1970,2200,1,2,1,510,18.7,101653,1
13,16136,5,1987,2405,3,2,1,867,1.5,227729,1
14,15863,3,2016,1237,2,2,3,844,26.3,298504,0
15,15611,9,1984,2590,3,3,2,258,28.0,191829,1
16,12822,9,2009,2541,3,5,1,672,17.4,198377,1
17,6185,4,1982,1620,2,5,3,689,21.2,71622,0
18,5269,4,1990,1224,3,1,1,9,27.8,118756,0
19,15083,6,1989,2229,1,1,0,260,21.5,110809,0
20,11449,7,2001,735,1,2,1,649,5.4,86725,1
21,6933,5,1994,1384,3,1,1,171,17.7,262468,0
22,9811,9,1966,719,1,3,2,897,18.6,121226,1
23,9551,9,2019,1099,3,5,3,12,13.3,151182,1
24,10920,3,1975,1671,1,2,2,167,22.4,99402,0
25,5684,6,1985,2606,1,1,2,641,28.1,74263,1
26,9055,7,2007,1866,3,3,2,595,27.8,297595,1
27,7885,6,2016,1815,1,3,2,320,14.1,247900,0
28,16809,8,2011,1533,3,1,2,318,4.3,117924,1
29,10896,7,2019,2523,1,5,1,612,29.6,406326,0
30,17535,9,2008,2682,1,1,2,328,25.3,294137,1
31,15596,9,1961,1553,2,2,2,784,4.6,367881,1
32,13166,7,1960,750,2,1,3,776,27.7,433476,0
33,13774,9,2007,1274,3,3,0,549,26.2,421707,1
34,7058,5,1971,1848,2,1,1,418,16.0,230445,0
35,12349,7,1964,2897,3,5,1,605,18.1,237469,1
36,6547,6,1996,2415,2,4,1,94,12.6,171371,1
37,7247,7,1991,1381,1,1,2,816,2.6,108709,1
38,13667,9,2018,1537,3,5,2,580,10.7,262192,1
39,14498,5,2014,1777,3,5,2,317,24.3,220322,0
40,4689,5,1968,2295,1,3,3,235,1.1,91172,1
41,7234,8,2000,704,3,5,0,333,10.7,81555,1
42,7505,6,1994,1826,3,5,2,884,12.5,123276,0
43,9158,4,1978,1919,2,5,0,375,16.6,127492,0
44,6399,4,2007,1473,3,5,3,458,27.7,254074,0
45,12234,7,1975,1576,1,2,1,136,11.0,326010,1
46,5767,8,1962,1691,2,2,2,587,11.1,421743,1
47,6028,3,1979,746,2,3,0,546,22.4,292320,0
48,15894,7,1983,968,1,1,0,512,14.1,81046,0
49,8056,8,2013,1069,1,5,2,295,7.5,298071,1
50,8390,6,2015,1335,2,1,1,319,14.1,448165,1
51,13338,6,1992,1829,3,1,1,571,5.1,254374,1
52,15580,6,1983,2393,2,3,1,831,6.1,336997,0
53,9893,6,2011,2382,1,5,3,348,15.5,190900,1
54,15127,6,1970,1356,2,5,0,839,13.1,129129,1
55,13292,8,2008,819,1,4,0,778,27.5,307091,1
56,15055,8,1967,1530,2,1,0,872,11.5,275550,1
57,14753,5,1995,2510,3,1,3,228,17.8,314883,1
58,12933,4,1997,1781,2,2,0,269,19.3,184130,0
59,14733,9,1999,2674,2,4,3,827,1.4,216922,1
60,15516,6,1979,2069,1,2,1,797,20.2,191789,1
61,12013,3,1994,1440,1,2,2,290,6.2,225130,0
62,7112,9,2007,816,1,2,0,724,28.9,246492,1
63,11541,8,1984,2553,2,3,0,164,5.3,108890,1
64,14055,3,1994,1850,3,3,1,4,13.0,136017,0
65,10735,3,1984,2631,1,2,2,850,3.5,248376,0
66,9986,3,1988,1712,1,4,3,378,29.9,233993,0
67,11599,5,1977,2364,2,1,2,77,15.6,202596,0
68,14170,8,2005,1781,1,4,1,409,18.3,170424,1
69,15248,3,1977,1333,3,5,1,573,2.9,347192,0
70,5275,6,1961,1212,3,3,2,131,22.7,238976,0
71,16706,7,2013,1819,1,1,3,600,7.1,387056,1
72,12726,3,1994,1841,1,1,3,748,27.0,104008,0
73,7652,5,1975,1259,2,5,0,41,6.9,275738,0
74,14647,9,2020,1187,3,5,3,88,6.5,153559,1
75,6085,8,2000,1596,3,2,2,401,2.1,125337,1
76,8443,5,1995,1912,1,3,1,295,14.7,442760,0
77,12055,3,1992,1403,2,3,0,839,17.4,345494,0
78,7573,8,1963,2170,3,4,0,294,2.9,94354,1
79,5521,7,1992,1280,3,2,1,615,23.5,115186,1
80,16153,3,1973,2994,2,2,3,525,14.1,98145,0
81,15305,5,1980,853,2,2,1,799,16.2,156123,0
82,17917,4,2007,2379,3,2,3,690,13.8,276258,0
83,8343,6,1979,1696,3,3,1,636,12.6,286541,0
84,12489,9,2015,1943,2,3,2,421,17.2,90581,1
85,14192,5,1967,1792,3,2,3,864,5.5,158929,0
86,17490,8,1966,1708,1,4,2,22,6.3,355195,1
87,11373,3,1962,2841,1,1,0,574,26.0,121474,0
88,10175,6,1976,2473,2,1,1,142,28.4,161748,0
89,4661,3,1992,1657,2,4,0,664,11.8,195995,0
90,8797,8,2007,1152,2,2,0,144,8.9,315690,1
91,14673,3,1971,1927,1,3,0,224,19.7,401770,0
92,5495,4,2018,2965,3,1,0,502,12.9,339104,0
93,17603,6,2010,1250,1,5,1,820,1.7,250553,1
94,16034,6,1981,2335,3,5,0,615,5.5,106408,1
95,17243,8,2014,2012,1,4,1,103,21.8,426150,1
96,12129,9,1981,2457,3,2,1,38,20.1,329568,1
97,16490,4,2005,1056,1,1,2,197,1.8,389278,0
98,13967,5,1989,2770,2,2,3,645,7.4,221563,0
99,5516,3,1997,2485,1,1,3,578,7.7,202413,0
100,12369,7,1997,2481,3,4,1,390,20.5,245695,1
101,10939,3,2004,2331,1,4,2,178,1.6,160327,0
102,12392,3,2010,1715,1,5,1,553,4.0,272503,0
103,11363,5,2013,2048,1,2,1,447,24.2,213326,0
104,12416,3,1967,1215,2,5,1,499,6.2,252932,0
105,13029,4,1986,1035,1,2,2,14,19.9,81344,0
106,5378,4,1986,2482,2,5,3,622,7.9,137957,0
107,13768,6,1993,1196,2,3,2,668,3.9,175423,0
108,9387,8,1980,1595,1,3,0,288,8.1,390197,1
109,16685,9,1989,2907,1,3,2,477,21.9,216968,1
110,9359,7,1992,1551,1,3,2,230,25.8,256833,1
111,10831,3,1987,2387,3,1,2,419,25.1,263624,0
112,13071,3,2006,2631,1,3,2,156,12.5,321147,0
113,13184,5,1992,2268,2,4,3,549,20.4,147454,0
114,11708,8,1964,1656,1,4,0,440,6.9,327594,1
115,9776,4,2019,2336,3,1,3,96,9.5,422744,0
116,6562,7,2020,1991,1,3,3,410,27.0,107641,1
117,16576,6,2007,2140,3,3,2,288,1.4,99711,1
118,4564,4,1978,1891,3,3,1,253,3.5,402486,0
119,12506,8,1963,1766,1,5,1,195,7.0,439040,1
120,7068,9,1994,984,2,2,3,597,1.8,213254,1
121,9963,6,2008,711,3,5,3,833,6.3,157833,1
122,17940,9,1976,2330,1,2,2,521,17.9,388420,1
123,6527,5,2003,1453,1,3,3,516,13.2,351685,0
124,7195,5,1987,2782,2,3,2,634,26.9,426601,0
125,14187,3,1989,789,3,5,1,841,24.7,114813,0
126,9758,9,1988,1475,3,5,1,864,10.9,238270,1
127,10118,8,2005,2325,1,2,0,117,8.5,209892,1
128,11236,7,2012,1117,1,4,1,805,12.0,356214,1
129,4891,6,1965,814,2,2,3,158,18.1,412703,0
130,17206,4,1994,1316,2,5,1,814,8.8,274615,0
131,17166,8,2019,1525,3,5,2,227,19.1,111786,1
132,10392,8,2000,2349,3,1,1,876,12.9,296006,1
133,8061,5,1996,2216,1,5,0,215,17.0,300876,0
134,14970,9,1983,1112,3,1,1,695,13.6,368206,1
135,10684,3,1988,1428,2,4,2,14,9.5,383715,0
136,7599,3,2008,1375,2,2,2,156,28.5,357654,0
137,10778,6,2005,2592,1,2,3,647,23.1,351570,0
138,12892,5,2012,2939,2,1,1,260,5.1,107265,1
139,17567,8,1990,1822,2,2,2,156,26.2,319321,1
140,7604,7,1994,2271,2,5,0,46,15.1,136150,1
141,11715,5,2019,1677,2,3,3,323,26.9,157312,0
142,17290,6,1992,1708,1,1,0,843,24.2,159613,1
143,6954,6,2011,2843,1,2,1,684,13.3,407054,0
144,16337,5,2020,2387,3,1,1,129,1.7,384519,0
145,13496,6,1980,736,2,1,1,410,8.8,191826,0
146,7231,5,1991,2248,3,3,3,94,16.7,105435,0
147,15465,4,1982,2964,1,5,2,626,19.4,428587,0
148,12654,5,1992,1572,1,1,3,754,8.5,280017,0
149,14262,9,1962,2521,1,2,0,291,5.0,204055,1
150,9556,5,1977,1996,1,4,3,793,25.2,221734,0
