X,Quadratic_Value,Class
-5.0,25.74507122951685,1
-4.898989898989899,23.792705578648285,1
-4.797979797979798,23.9921429489733,1
-4.696969696969697,24.346069118863646,1
-4.595959595959596,20.771614545608088,1
-4.494949494949495,19.853365526722946,1
-4.393939393939394,21.675522620873572,1
-4.292929292929293,19.580394007819763,1
-4.191919191919192,16.867974932678024,1
-4.090909090909091,17.549377255461593,1
-3.9898989898989896,15.224167410378284,1
-3.888888888888889,14.42486215976807,1
-3.787878787878788,14.710969119011128,1
-3.686868686868687,10.723080347226137,1
-3.5858585858585856,10.271005049006185,1
-3.484848484848485,11.300737668489322,1
-3.383838383838384,9.931115527436331,1
-3.282828282828283,11.248332533430203,1
-3.1818181818181817,8.761930828866944,1
-3.080808080808081,7.372922878769433,0
-2.9797979797979797,11.07766915379045,1
-2.878787878787879,7.948755200326213,0
-2.7777777777777777,7.817341689747935,0
-2.676767676767677,5.0279629160680415,0
-2.5757575757575757,5.817953002284769,0
-2.474747474747475,6.290758948333803,0
-2.3737373737373737,3.90813875334415,0
-2.272727272727273,5.7288362837168565,0
-2.1717171717171717,3.8153974390530236,0
-2.070707070707071,3.850287147986343,0
-1.9696969696969697,2.9771462340893295,0
-1.868686868686869,6.270407889966142,0
-1.7676767676767677,3.1044353178772846,0
-1.6666666666666665,1.1912113843439267,0
-1.5656565656565657,3.6850978497382956,0
-1.4646464646464645,0.31392379144485405,0
-1.3636363636363638,2.1727995247385383,0
-1.2626262626262625,-1.3452801067460995,0
-1.1616161616161618,-0.6429269664197808,0
-1.0606060606060606,1.4201770695979918,0
-0.9595959595959593,2.0285242756660056,0
-0.858585858585859,0.9942220983485723,0
-0.7575757575757578,0.4004486048841225,0
-0.6565656565656566,-0.020577082002441516,0
-0.5555555555555554,-1.909141010242499,0
-0.45454545454545503,-0.8731547423441286,0
-0.3535353535353538,-0.5659709102403137,0
-0.2525252525252526,1.6494523424913161,0
-0.15151515151515138,0.5383842754913514,0
-0.050505050505050164,-2.642009472917583,0
0.050505050505050164,0.4886767142187102,0
0.15151515151515138,-0.5546665794858155,0
0.2525252525252526,-0.9516139972959956,0
0.3535353535353538,1.0425016794606694,0
0.45454545454545414,1.7531108539918598,0
0.5555555555555554,1.7055621539829395,0
0.6565656565656566,-0.827747823452466,0
0.7575757575757578,0.11010246468966145,0
0.8585858585858581,1.234064823668961,0
0.9595959595959593,2.384142096356429,0
1.0606060606060606,0.4061238590263716,0
1.1616161616161618,1.0708636419321391,0
1.262626262626262,-0.06527738193547972,0
1.3636363636363633,0.0651941961103979,0
1.4646464646464645,3.3639779999926844,0
1.5656565656565657,4.485640524439747,0
1.666666666666667,2.6697625954072777,0
1.7676767676767673,4.62998050182222,0
1.8686868686868685,4.034444650774185,0
1.9696969696969697,2.912026520525739,0
2.070707070707071,4.829921180938879,0
2.1717171717171713,7.023410323630183,0
2.2727272727272725,5.111550197533418,0
2.3737373737373737,7.981594603198614,0
2.474747474747475,2.1947574076343876,0
2.5757575757575752,7.867380845635377,0
2.6767676767676765,7.295655797745481,0
2.7777777777777777,7.267538357017248,0
2.878787878787879,8.42506081585927,1
2.9797979797979792,5.897842628506779,0
3.0808080808080813,9.161870599016105,1
3.1818181818181817,10.65963579941638,1
3.282828282828282,12.993802601649561,1
3.383838383838384,10.672956880527497,1
3.4848484848484844,10.931428558010996,1
3.5858585858585865,12.105746232398937,1
3.686868686868687,14.966103890765947,1
3.787878787878787,14.841152376151596,1
3.8888888888888893,14.3288164844729,1
3.9898989898989896,16.68919509926701,1
4.09090909090909,16.8811535141047,1
4.191919191919192,19.025153997379785,1
4.292929292929292,17.376162273274364,1
4.3939393939393945,18.81521017771584,1
4.494949494949495,19.61640873244848,1
4.595959595959595,18.92757218549491,1
4.696969696969697,22.505704749848473,1
4.797979797979798,23.412193050092093,1
4.8989898989899,24.007772215368757,1
5.0,24.648119299937278,1
